INSERT INTO CATEGORIA (Codigo, Descricao)
VALUES ('01', 'Literatura Juvenil');

INSERT INTO CATEGORIA (Codigo, Descricao)
VALUES ('02', 'Ficção Científica');

INSERT INTO CATEGORIA (Codigo, Descricao)
VALUES ('03', 'Humor');

INSERT INTO AUTOR (Nome, Nacionalidade)
VALUES ('J. K. Rowling', 'Inglaterra');

INSERT INTO AUTOR (Nome, Nacionalidade)
VALUES ('Clive Staples Lewis', 'Inglaterra');

INSERT INTO AUTOR (Nome, Nacionalidade)
VALUES ('Affonso Solano', 'Brasil');

INSERT INTO AUTOR (Nome, Nacionalidade)
VALUES ('Marcos Piangers', 'Brasil');

INSERT INTO AUTOR (Nome, Nacionalidade)
VALUES ('Ciro Botelho - Tiririca', 'Brasil');

INSERT INTO AUTOR (Nome, Nacionalidade)
VALUES ('Bianca Mól', 'Brasil');

INSERT INTO EDITORA (Nome)
VALUES ('Rocco');

INSERT INTO EDITORA (Nome)
VALUES ('Wmf Martins Fontes');

INSERT INTO EDITORA (Nome)
VALUES ('Casa da Palavra');

INSERT INTO EDITORA (Nome)
VALUES ('Belas Letras');

INSERT INTO EDITORA (Nome)
VALUES ('Matrix');

INSERT INTO LIVRO (ISBN, Titulo, Ano, FK_CATEGORIA_Codigo, FK_EDITORA_ID)
VALUES ('8532511015', 'Harry Potter e A Pedra Filosofal', 2000, '01', 1);

INSERT INTO LIVRO (ISBN, Titulo, Ano, FK_CATEGORIA_Codigo, FK_EDITORA_ID)
VALUES ('9788578270698', 'As Crônicas de Nárnia', 2009, '01', 2);

INSERT INTO LIVRO (ISBN, Titulo, Ano, FK_CATEGORIA_Codigo, FK_EDITORA_ID)
VALUES ('9788577343348', 'O Espadachim de Carvão', 2013, '02', 3);

INSERT INTO LIVRO (ISBN, Titulo, Ano, FK_CATEGORIA_Codigo, FK_EDITORA_ID)
VALUES ('9788581742458', 'O Papai É Pop', 2015, '03', 4);

INSERT INTO LIVRO (ISBN, Titulo, Ano, FK_CATEGORIA_Codigo, FK_EDITORA_ID)
VALUES ('9788582302026', 'Pior Que Tá Não Fica', 2015, '03', 5);

INSERT INTO LIVRO (ISBN, Titulo, Ano, FK_CATEGORIA_Codigo, FK_EDITORA_ID)
VALUES ('9788577345670', 'Garota Desdobrável', 2015, '01', 3);

INSERT INTO LIVRO (ISBN, Titulo, Ano, FK_CATEGORIA_Codigo, FK_EDITORA_ID)
VALUES ('8532512062', 'Harry Potter e o prisioneiro de Azkaban', 2000, '01', 1);

INSERT INTO LIVRO_AUTOR (FK_LIVRO_ISBN, FK_AUTOR_ID)
VALUES ('8532511015', 1);

INSERT INTO LIVRO_AUTOR (FK_LIVRO_ISBN, FK_AUTOR_ID)
VALUES ('9788578270698', 2);

INSERT INTO LIVRO_AUTOR (FK_LIVRO_ISBN, FK_AUTOR_ID)
VALUES ('9788577343348', 3);

INSERT INTO LIVRO_AUTOR (FK_LIVRO_ISBN, FK_AUTOR_ID)
VALUES ('9788581742458', 4);

INSERT INTO LIVRO_AUTOR (FK_LIVRO_ISBN, FK_AUTOR_ID)
VALUES ('9788582302026', 5);

INSERT INTO LIVRO_AUTOR (FK_LIVRO_ISBN, FK_AUTOR_ID)
VALUES ('9788577345670', 6);

INSERT INTO LIVRO_AUTOR (FK_LIVRO_ISBN, FK_AUTOR_ID)
VALUES ('8532512062', 1);

SELECT L.ISBN, L.Titulo, L.Ano, A.Nome, A.Nacionalidade, C.Descricao
FROM LIVRO AS L
INNER JOIN LIVRO_AUTOR AS LA
ON L.ISBN = LA.FK_LIVRO_ISBN
INNER JOIN AUTOR AS A
ON LA.FK_AUTOR_ID = A.ID
INNER JOIN CATEGORIA AS C
ON L.FK_CATEGORIA_Codigo = C.Codigo
ORDER BY L.Titulo ASC;

SELECT L.ISBN, L.Titulo, L.Ano, A.Nome, A.Nacionalidade, C.Descricao
FROM LIVRO AS L
INNER JOIN LIVRO_AUTOR AS LA
ON L.ISBN = LA.FK_LIVRO_ISBN
INNER JOIN AUTOR AS A
ON LA.FK_AUTOR_ID = A.ID
INNER JOIN CATEGORIA AS C
ON L.FK_CATEGORIA_Codigo = C.Codigo
ORDER BY A.Nome ASC;

SELECT L.ISBN, L.Titulo, L.Ano, A.Nome, A.Nacionalidade, C.Descricao
FROM LIVRO AS L
INNER JOIN LIVRO_AUTOR AS LA
ON L.ISBN = LA.FK_LIVRO_ISBN
INNER JOIN AUTOR AS A
ON LA.FK_AUTOR_ID = A.ID
INNER JOIN CATEGORIA AS C
ON L.FK_CATEGORIA_Codigo = C.Codigo
WHERE C.Codigo = '01'
ORDER BY L.Ano ASC;

SELECT L.ISBN, L.Titulo, L.Ano, A.Nome, A.Nacionalidade, C.Descricao
FROM LIVRO AS L
INNER JOIN LIVRO_AUTOR AS LA
ON L.ISBN = LA.FK_LIVRO_ISBN
INNER JOIN AUTOR AS A
ON LA.FK_AUTOR_ID = A.ID
INNER JOIN CATEGORIA AS C
ON L.FK_CATEGORIA_Codigo = C.Codigo
WHERE C.Codigo = '02' OR C.Codigo = '03';

